sized-about,sized-collaborators
"SIZED A curatorial practice devoted to creating exhibitions and installations that bring art and design into dialogue with architecture. Working nomadically, it identifies distinctive
spaces, whether historic, industrial, or modernist, and reimagines them as temporary settings for the display of objects. Each project is guided by a precise attention to
placement, proportion, and atmosphere, allowing works to be encountered with clarity and resonance.
Its work spans disciplines, from contemporary art and collectible design to collaborations with galleries, institutions, and brands. What defines SIZED is a commitment to
context. Every space is considered not as a backdrop but as an active element that shapes perception and meaning. This approach has produced environments that invite
reflection and deepen the encounter between object and audience.

Through these projects, SIZED has developed a body of exhibitions and activations that explore how objects can be understood beyond function or form, as carriers of
history, authorship, and presence. In doing so, it continues to contribute to the evolving language of collecting and exhibition-making, creating temporary worlds in which
art and design acquire renewed significance.",1000 Incorporated
,A Better Feeling
,Aaron Young
,Adam Silverman
,Addison Woolsey
,Alex Rasmussen
,Ali Beletic
,Alma Allen
,Amelia Stevens
,Anat Shiftan
,André Thuret
,Annex LA with Cirilo Domine
,Another Bureau of Design
,Antonio Forteleoni
,Apt. 1007
,Arcana: Books on the Arts
,Ashley Martin
,Ashwini Bhat
,Atelier MVM
,Atelier Van Lieshout
,Avi Kovacevich
,Babs Haenen
,Base 10
,Ben Medansky
,Billal Taright
,Blum & Poe
,BMW
,Bocci
,Brett Robinson
,Bri Williams
,Bruises Gallery
,Cactus Store
,Candice Romanelli
,Carmen D'Apollonio
,Carpenters Workshop Gallery
,Casa Ahorita
,Casa Bosques
,Casey Cadwallader
,Cat Snodgrass
,Charles Barberis
,Charlotte Perriand
,Chic by Accident
,Chris Fusaro
,Chris Miller
,Chris Wolston
,Christian Vargas
,Christopher Al-Jumah
,Christopher Stuart
,Claudia Girbau
,Clive Sithole
,Commune Design
,Counter-Space
,Courtney Applebaum
,D.I.M.
,Dana Arbib
,David Cressey
,David Lewis Gallery
,David Zwirner
,Den
,Diego Villarreal Vagujhelyi
,Dina Satti
,Disciplina Studio
,Donna Green
,Donna Karan
,Dries Van Noten
,Eddie Olin
,Ei Arakawa
,Elliot Bergman
,Emmanuel Olunkwa
,Emmanuel Rö hss
,Eric N. Mack
,Eric Oglander
,Ethan Caflisch
,Fai Khadra
,Faye Toogood
,Flavie Audi
,Formative Modern
,Franz West
,Friedman Benda
,Furniture Robert Mapplethorpe
,Gabriella Crespi
,Gaetano Pesce
,Gallery 133
,Gerard Mannoni
,Gio Ponti
,Giovanni Bassan
,Giovanni Leonardo
,Gladstone Gallery
,Gloria Kisch
,Grace Prince
,Hedges Projects
,Heven
,Holly Sillus
,Hooz
,Hostler Burrows
,Howard Meister
,Ian Markell
,Illya Goldman Gubin
,Ingrid Donat
,J.M. Szymanski
,James Cherry
,James H.D. Brown
,James Hong
,Jan Dibbets
,Jean Boris Lacroix
,Jean Luce
,Jean Paul Barray
,Jean Prouvé
,Jeff Martin
,Jerome Byron
,JF Chen
,Jim Hedges
,Jim McDowell
,Jiro Nagase
,J. Hannah
,John Boskovich
,Jonathan Pessin (NFS)
,Jonathan Saunders
,Jonny Ribeiro
,Jordan Wolfson
,Joseph Massé
,Jude Pauli
,Julia Thompson
,Karl Lagerfeld
,Kati Tuominen-Niittylä
,Kazunori Hamana
,Keita Matsunaga
,Kelly Wearstler
,Kenneth Morehouse
,Kentaro Kawabata
,Kevin Stahl
,Kit Howland
,Klaus Jurgen Schmidt
,Kwangho Lee
,Leena Similu
,Lianne Barnes
,Logan Wannamaker
,LS Gomma
,Luca Nichetto
,Luka Sabbat
,Lukas Stoever
,Luke Haeger
,Lykke Li
,Magen H. Gallery
,Marc Leschelier
,Maria Sparre-Petersen
,Marianne Vissière
,Marta Gallery
,Martin Bodilsen Kaldahl
,Martina Tiefenthaler
,Masaomi Yasunaga
,Massimiliano Locatelli
,Matt Mullican
,Matt Paweski
,Matthias Vriens
,Matty Fisher
,Max Lamb
,MDFG Gallery
,Mia Moretti
,Michael Bargo
,Michèle Lamy
,Miista
,Minjae Kim
,Montana Corp
,Morton St. Partners
,Mugler
,Nevine Mahmoud
,NFS
,Nick Giannetti
,Nick Poe
,Nick Ross
,Niko June
,No Sesso
,Nonaka-Hill Gallery
,Ombia Studio
,Overduin & Co
,Pablo Picasso
,Pam Shamshiri
,Paul Ludick
,Permanent Collection
,Peter Freeman
,Philippe Malouin
,Pierre Chapo
,Pierre Jeanneret
,Planet Earth
,Princess Gollum
,Puiforcat
,Rafael Prieto
,Radford Gallery
,Ralph Dorazio
,Ravi Gunewardena
,Reinaldo Sanguino
,René Coulon
,Rewire
,René Prou
,Rich Aybar
,Rick Owens
,Rio Estudio
,Robert Stadler
,Roger Herman
,Ron Arad
,Ronnie Sassoon
,Rooms Studio
,Ryan Preciado
,Salon 94 Design
,Scarlett Rouge
,Shane Gabier
,Shiprock Santa Fe
,Shoshana Wayne Gallery
,Shoshi Watanabe
,Shozo Michikawa
,Shun Kinoshita
,Skims
,Skylar Haskard
,Sonja Duò-Meyer
,Sophia Moreno-Bunge
,Sophie Buhai
,Stefan White
,Sterling Ruby
,Steven Haulenbeek
,Studio Balestra
,Studio Ima
,Studio Jake Arnold
,Studio Paolini Sumner
,Studio Shamshiri
,Studioutte
,Suda Kokuta
,Sumner Shop
,Susan Syng
,Tappan Collective
,Terence Main
,The Art Reporter
,The Future Perfect
,The Tropics
,The Window
,Thomas Barger
,Thomas Houseago
,Tienda X
,Tino Seubert
,Tiwa Select
,Tomohisa Obana
,Tory J. Lowitz
,Ulysses Desanti
,Urban Zen
,Vanessa Beecroft
,Victor Barragán
,Vincent Dubourg
,Vincenzo De Cotiis
,Waka Waka
,Wendell Castle
,Willo Perron
,Wonmin Park
,Zachary Besner
,and more
